campaign_id,brand_id,product_id,campaign_name,campaign_type,campaign_goal,start_date,end_date,budget
1,1,,Visionary content-based model,Sponsored Post,Conversions,2024-04-02,2024-05-28,21758.74
2,1,3,Synergistic system-worthy contingency,Brand Ambassador,Awareness,2023-09-20,2023-10-12,72320.95
3,1,,Reactive 24/7 service-desk,Product Review,Reach,2023-09-01,2023-09-21,96941.08
4,2,7,Cloned 24/7 installation,Brand Ambassador,Lead Generation,2023-01-07,2023-03-25,38159.41
5,2,,Progressive bi-directional software,Giveaway,Engagement,2023-03-17,2023-05-31,45677.45
6,3,8,Monitored directional success,Brand Ambassador,Conversions,2023-12-13,2024-02-02,95214.55
7,4,10,Function-based content-based alliance,Product Review,Engagement,2023-08-09,2023-10-05,73466.52
8,5,14,Secured background approach,Affiliate,Lead Generation,2023-01-19,2023-02-13,89429.39
9,5,14,Switchable didactic policy,Giveaway,Lead Generation,2024-04-06,2024-04-23,89085.57
10,5,13,Decentralized tertiary capability,Sponsored Post,Conversions,2024-05-10,2024-06-13,21349.50
11,6,17,Robust clear-thinking implementation,Brand Ambassador,Conversions,2023-03-09,2023-05-14,24517.28
12,7,,Virtual secondary open system,Giveaway,Awareness,2024-05-24,2024-07-27,36722.06
13,8,21,Customizable tangible contingency,Affiliate,Reach,2023-05-24,2023-06-18,20767.81
14,8,20,Implemented maximized protocol,Giveaway,Conversions,2023-07-16,2023-08-02,97728.71
15,9,,Sharable logistical focus group,Product Review,Reach,2023-02-28,2023-03-28,49420.58
16,9,23,Team-oriented static throughput,Affiliate,Reach,2023-11-28,2024-01-14,19303.24
17,10,24,Function-based cohesive time-frame,Product Review,Awareness,2023-09-09,2023-11-09,27066.30
18,10,25,Grass-roots zero-defect approach,Giveaway,Conversions,2023-02-27,2023-05-11,56860.41
19,11,26,Networked full-range approach,Brand Ambassador,Lead Generation,2023-10-25,2023-11-20,41984.68
20,12,,Fundamental context-sensitive intranet,Sponsored Post,Reach,2023-07-20,2023-09-01,82022.12
21,12,,Pre-emptive dedicated pricing structure,Product Review,Lead Generation,2023-02-23,2023-05-01,88283.73
22,12,31,Enhanced secondary matrix,Sponsored Post,Reach,2023-11-01,2024-01-14,90374.94
23,13,33,Digitized needs-based throughput,Sponsored Post,Reach,2023-03-26,2023-04-13,18115.02
24,13,33,Extended reciprocal project,Giveaway,Engagement,2023-12-01,2024-01-05,5224.91
25,13,,Organic transitional firmware,Giveaway,Engagement,2023-03-24,2023-04-17,83576.70
26,14,34,Automated asynchronous archive,Sponsored Post,Reach,2023-03-22,2023-05-15,56080.06
27,14,36,Upgradable eco-centric time-frame,Brand Ambassador,Lead Generation,2024-03-19,2024-06-11,46357.56
28,15,,Ameliorated modular collaboration,Sponsored Post,Reach,2023-12-13,2024-03-11,15814.59
29,16,40,Sharable 24hour alliance,Sponsored Post,Lead Generation,2024-05-22,2024-08-19,78174.92
30,16,,Networked encompassing collaboration,Product Review,Conversions,2024-05-31,2024-07-20,38921.30
31,16,,Object-based object-oriented ability,Sponsored Post,Engagement,2023-09-14,2023-11-29,28266.00
32,17,41,Triple-buffered zero administration matrix,Product Review,Conversions,2024-02-05,2024-04-10,69360.86
33,18,46,Optional impactful superstructure,Brand Ambassador,Awareness,2024-01-07,2024-03-21,34448.74
34,19,49,Quality-focused directional ability,Product Review,Awareness,2023-02-24,2023-04-18,97277.17
35,19,48,Team-oriented zero-defect matrices,Brand Ambassador,Reach,2023-10-26,2023-12-08,77629.06
36,20,,Re-contextualized national help-desk,Affiliate,Awareness,2023-04-05,2023-05-23,19605.63
37,20,,Synergized exuding initiative,Product Review,Lead Generation,2023-09-16,2023-10-27,86851.71
38,21,55,Self-enabling secondary array,Sponsored Post,Conversions,2023-02-12,2023-05-02,71247.37
39,22,58,Public-key global artificial intelligence,Giveaway,Engagement,2023-10-11,2023-11-11,87642.88
40,22,58,Virtual zero administration frame,Giveaway,Awareness,2023-12-24,2024-02-01,46188.42
41,23,62,Exclusive context-sensitive neural-net,Brand Ambassador,Reach,2024-05-18,2024-06-26,51007.51
42,23,,Networked stable core,Sponsored Post,Engagement,2023-01-31,2023-03-01,37874.21
43,24,63,Total human-resource benchmark,Product Review,Lead Generation,2023-08-21,2023-10-31,55582.04
44,24,63,Team-oriented heuristic matrix,Brand Ambassador,Awareness,2024-05-04,2024-07-01,29221.87
45,24,63,Self-enabling leadingedge support,Giveaway,Lead Generation,2023-03-07,2023-05-09,78203.18
46,25,66,Devolved 5thgeneration core,Giveaway,Conversions,2023-05-28,2023-07-09,65507.15
47,26,69,Up-sized optimizing encoding,Product Review,Engagement,2023-01-20,2023-02-05,65089.78
48,26,69,Networked asymmetric utilization,Giveaway,Conversions,2024-01-15,2024-04-14,61226.04
49,26,71,Stand-alone fault-tolerant methodology,Product Review,Reach,2024-02-24,2024-04-17,85307.03
50,27,73,Organized 3rdgeneration alliance,Product Review,Conversions,2024-02-19,2024-04-05,68042.42
51,27,,Centralized global toolset,Sponsored Post,Awareness,2023-09-21,2023-11-24,51639.86
52,28,77,Open-architected bottom-line data-warehouse,Brand Ambassador,Awareness,2023-02-03,2023-04-05,48692.10
53,28,77,Synchronized multi-state knowledgebase,Brand Ambassador,Conversions,2024-05-22,2024-07-18,26853.54
54,28,76,Distributed user-facing paradigm,Giveaway,Lead Generation,2024-02-21,2024-04-13,76781.96
55,29,81,Compatible 5thgeneration support,Brand Ambassador,Engagement,2023-06-30,2023-09-28,72407.04
56,30,,Pre-emptive solution-oriented adapter,Brand Ambassador,Reach,2023-04-20,2023-07-06,41055.29
57,30,82,Secured 6thgeneration encryption,Brand Ambassador,Engagement,2024-01-02,2024-01-20,68945.49
58,30,,De-engineered 24/7 conglomeration,Affiliate,Conversions,2024-05-18,2024-07-31,84696.51
59,31,84,Business-focused fault-tolerant utilization,Brand Ambassador,Awareness,2024-05-06,2024-07-30,47607.31
60,31,84,Persevering reciprocal concept,Brand Ambassador,Awareness,2023-03-17,2023-05-03,23003.10
61,31,85,Cloned bi-directional budgetary management,Product Review,Conversions,2024-04-04,2024-05-16,37796.56
62,32,,Right-sized reciprocal definition,Sponsored Post,Reach,2024-01-22,2024-03-13,6314.02
63,32,86,Exclusive interactive Graphical User Interface,Product Review,Engagement,2023-02-19,2023-05-18,50547.26
64,32,88,Inverse bottom-line software,Product Review,Awareness,2023-11-09,2024-01-10,87214.07
65,33,89,Quality-focused client-driven Graphic Interface,Brand Ambassador,Reach,2024-03-23,2024-04-23,98731.97
66,34,93,Virtual 6thgeneration parallelism,Giveaway,Awareness,2023-06-15,2023-07-17,49270.50
67,34,93,Managed asymmetric capability,Sponsored Post,Awareness,2023-05-15,2023-06-20,45753.27
68,35,96,Digitized web-enabled instruction set,Product Review,Awareness,2023-08-01,2023-09-05,13811.19
69,36,101,Total holistic neural-net,Product Review,Reach,2023-05-11,2023-07-18,38948.33
70,36,,Organic dynamic paradigm,Giveaway,Conversions,2023-05-09,2023-05-27,95056.79
71,37,103,Devolved bandwidth-monitored utilization,Sponsored Post,Awareness,2023-02-01,2023-04-23,63042.01
72,37,103,Seamless homogeneous time-frame,Brand Ambassador,Conversions,2024-05-06,2024-06-20,13764.15
73,38,,Ameliorated mobile artificial intelligence,Brand Ambassador,Engagement,2023-05-03,2023-07-20,7463.42
74,38,108,Adaptive context-sensitive array,Brand Ambassador,Reach,2023-01-05,2023-01-24,73055.36
75,39,111,Reverse-engineered executive instruction set,Product Review,Engagement,2024-05-21,2024-08-10,34930.55
76,39,111,Team-oriented clear-thinking database,Giveaway,Engagement,2024-01-05,2024-03-21,94860.35
77,39,110,Sharable encompassing model,Giveaway,Engagement,2023-04-22,2023-06-26,72989.71
78,40,112,Open-source disintermediate conglomeration,Affiliate,Lead Generation,2023-12-16,2024-01-26,17729.49
79,41,117,Team-oriented 5thgeneration policy,Brand Ambassador,Lead Generation,2024-04-19,2024-05-07,62690.34
80,41,116,Universal modular pricing structure,Sponsored Post,Awareness,2023-05-20,2023-08-18,5775.27
81,42,,Self-enabling zero tolerance framework,Product Review,Awareness,2023-03-10,2023-05-16,55180.96
82,43,120,Operative 24hour open architecture,Sponsored Post,Conversions,2023-09-28,2023-10-31,42666.27
83,43,121,Ergonomic bottom-line moderator,Affiliate,Lead Generation,2023-07-03,2023-07-29,70371.91
84,44,122,Secured high-level task-force,Brand Ambassador,Awareness,2023-03-16,2023-04-12,78691.25
85,44,123,Profit-focused directional Local Area Network,Affiliate,Engagement,2024-02-24,2024-05-11,78017.93
86,45,,Switchable demand-driven focus group,Product Review,Conversions,2024-05-01,2024-06-09,16876.99
87,45,,Ergonomic bifurcated utilization,Giveaway,Reach,2023-02-11,2023-05-06,33729.76
88,45,125,Synergized methodical methodology,Sponsored Post,Awareness,2023-04-26,2023-05-10,83687.98
89,46,126,Diverse static analyzer,Sponsored Post,Lead Generation,2023-05-17,2023-08-02,8429.77
90,46,127,Stand-alone high-level forecast,Giveaway,Reach,2023-02-11,2023-03-09,98877.93
91,46,127,Optional eco-centric groupware,Product Review,Awareness,2023-06-12,2023-08-02,10881.08
92,47,130,Virtual logistical analyzer,Brand Ambassador,Conversions,2024-04-24,2024-05-13,43173.53
93,48,131,User-centric actuating monitoring,Sponsored Post,Engagement,2023-03-23,2023-04-18,66672.15
94,49,134,Diverse zero tolerance algorithm,Product Review,Lead Generation,2023-05-17,2023-07-12,27562.63
95,50,136,Profound bifurcated archive,Brand Ambassador,Engagement,2024-01-12,2024-02-06,12269.37
96,50,136,Up-sized leadingedge parallelism,Brand Ambassador,Reach,2023-07-02,2023-09-05,69300.34
97,50,136,Inverse intangible customer loyalty,Giveaway,Awareness,2024-03-26,2024-06-09,14118.65
98,51,137,Focused zero-defect budgetary management,Sponsored Post,Reach,2023-09-10,2023-10-01,91211.45
99,51,,Focused bandwidth-monitored encoding,Giveaway,Lead Generation,2023-09-11,2023-11-25,38595.33
100,51,137,Exclusive homogeneous definition,Giveaway,Reach,2023-11-17,2024-01-15,92119.40
101,52,,Phased optimal matrix,Sponsored Post,Awareness,2023-02-27,2023-05-04,26899.67
102,53,,Optional client-server data-warehouse,Affiliate,Lead Generation,2023-02-12,2023-02-27,72653.58
103,53,,Persevering context-sensitive info-mediaries,Brand Ambassador,Lead Generation,2024-04-18,2024-05-30,52787.21
104,54,144,Devolved logistical success,Giveaway,Reach,2023-10-18,2023-11-13,35229.20
105,54,142,Self-enabling heuristic flexibility,Affiliate,Lead Generation,2023-05-31,2023-08-02,6402.05
106,54,,Managed clear-thinking alliance,Product Review,Reach,2023-06-07,2023-07-11,87072.15
107,55,,Centralized even-keeled challenge,Giveaway,Conversions,2024-03-17,2024-06-01,97044.36
108,56,147,Persistent logistical instruction set,Affiliate,Reach,2023-03-28,2023-06-14,40924.42
109,57,153,Virtual global definition,Product Review,Lead Generation,2023-05-13,2023-06-06,45361.76
110,58,155,Robust cohesive utilization,Sponsored Post,Reach,2023-08-18,2023-10-28,74778.66
111,58,154,Seamless composite orchestration,Product Review,Reach,2024-05-10,2024-05-26,4547.36
112,59,156,Focused background installation,Affiliate,Lead Generation,2024-03-05,2024-03-19,64116.27
113,59,,Pre-emptive didactic parallelism,Giveaway,Reach,2024-02-10,2024-04-29,95085.16
114,59,156,Persistent even-keeled access,Giveaway,Reach,2024-01-03,2024-03-03,33865.29
115,60,163,User-centric dynamic encryption,Brand Ambassador,Reach,2023-11-29,2024-02-27,12288.31
116,60,160,Optional optimal definition,Brand Ambassador,Conversions,2023-09-12,2023-10-24,83158.50
117,60,,Distributed object-oriented ability,Affiliate,Conversions,2024-04-04,2024-05-25,70507.51
118,61,167,Balanced 6thgeneration leverage,Giveaway,Reach,2023-11-21,2023-12-26,11589.19
119,62,168,Automated interactive moderator,Sponsored Post,Reach,2024-01-27,2024-03-06,22343.36
120,62,,Polarized tangible attitude,Brand Ambassador,Awareness,2023-11-03,2023-12-11,75957.78
121,62,,Proactive disintermediate artificial intelligence,Affiliate,Awareness,2023-12-18,2024-01-06,77442.37
122,63,,Versatile 24/7 solution,Affiliate,Lead Generation,2024-03-09,2024-05-20,14328.97
123,63,170,Extended clear-thinking help-desk,Affiliate,Awareness,2023-11-12,2024-01-28,55769.41
124,64,,Front-line secondary array,Affiliate,Engagement,2023-08-18,2023-11-14,69489.95
125,64,172,Polarized static function,Sponsored Post,Reach,2023-01-13,2023-02-18,66094.66
126,65,,Triple-buffered logistical orchestration,Product Review,Lead Generation,2023-05-06,2023-06-30,91675.11
127,65,,Assimilated logistical Local Area Network,Product Review,Conversions,2024-03-29,2024-05-13,97078.67
128,65,173,Triple-buffered impactful contingency,Giveaway,Reach,2023-04-18,2023-06-28,60649.92
129,66,176,Self-enabling maximized strategy,Affiliate,Conversions,2023-10-15,2024-01-02,71475.56
130,66,175,Adaptive responsive archive,Giveaway,Engagement,2024-05-06,2024-07-29,62792.59
131,66,176,Team-oriented full-range moderator,Giveaway,Engagement,2023-10-26,2023-12-16,50885.45
132,67,,Implemented interactive system engine,Sponsored Post,Conversions,2023-01-26,2023-03-22,56665.74
133,67,,Total reciprocal moratorium,Product Review,Lead Generation,2023-07-29,2023-10-25,29306.87
134,67,178,Expanded zero tolerance software,Affiliate,Awareness,2024-03-22,2024-05-29,3501.94
135,68,,Secured full-range support,Sponsored Post,Engagement,2023-03-04,2023-03-24,27430.85
136,69,184,Profound systematic hierarchy,Giveaway,Awareness,2023-02-12,2023-04-03,69368.89
137,70,186,Customizable human-resource hierarchy,Brand Ambassador,Reach,2023-02-10,2023-03-22,11145.52
138,70,186,Secured 6thgeneration hierarchy,Affiliate,Reach,2023-12-28,2024-03-22,24521.95
139,71,,Enhanced secondary open architecture,Sponsored Post,Reach,2023-10-12,2023-12-01,39367.91
140,71,,Realigned tertiary time-frame,Sponsored Post,Awareness,2023-02-22,2023-04-17,74623.33
141,71,,Devolved full-range encoding,Product Review,Engagement,2023-06-09,2023-07-18,91237.15
142,72,189,Customizable solution-oriented matrices,Giveaway,Conversions,2024-02-24,2024-04-25,45432.68
143,72,189,Total demand-driven system engine,Giveaway,Lead Generation,2024-03-26,2024-04-18,12816.03
144,72,,Inverse heuristic flexibility,Brand Ambassador,Lead Generation,2023-06-25,2023-07-14,27159.72
145,73,192,Synergized interactive focus group,Sponsored Post,Conversions,2024-01-27,2024-04-24,47166.80
146,74,194,Cloned holistic hardware,Brand Ambassador,Lead Generation,2023-02-12,2023-03-03,6034.69
147,75,199,Pre-emptive motivating moderator,Affiliate,Lead Generation,2023-12-18,2024-02-08,36450.47
148,75,,Phased tertiary monitoring,Giveaway,Engagement,2023-04-06,2023-05-30,52540.02
149,75,197,Implemented local process improvement,Product Review,Lead Generation,2024-02-18,2024-05-06,54166.56
150,76,201,Synergistic system-worthy workforce,Giveaway,Conversions,2023-10-13,2023-12-10,33775.59
151,77,,Ergonomic logistical array,Affiliate,Reach,2023-02-20,2023-04-02,99666.48
152,77,203,Object-based context-sensitive forecast,Brand Ambassador,Reach,2023-03-04,2023-03-19,24794.44
153,78,207,Customer-focused composite focus group,Brand Ambassador,Reach,2023-03-01,2023-04-15,91677.31
154,78,210,Total client-server methodology,Brand Ambassador,Lead Generation,2023-03-29,2023-04-26,72673.59
155,78,,Expanded multi-state product,Brand Ambassador,Lead Generation,2023-04-27,2023-05-14,80478.86
156,79,211,Implemented intangible software,Brand Ambassador,Engagement,2023-01-18,2023-04-04,32710.96
157,79,211,De-engineered methodical hardware,Giveaway,Lead Generation,2024-02-25,2024-03-20,53787.38
158,80,215,Organic user-facing project,Giveaway,Reach,2023-11-23,2023-12-15,83730.84
159,80,,Implemented content-based architecture,Product Review,Awareness,2023-01-17,2023-02-26,74942.19
160,80,215,Focused multi-state project,Product Review,Conversions,2023-01-18,2023-02-20,4750.75
161,81,218,Open-source optimal Graphical User Interface,Brand Ambassador,Lead Generation,2023-09-18,2023-10-08,7973.77
162,82,224,Stand-alone zero tolerance Graphic Interface,Product Review,Reach,2024-05-24,2024-07-10,63391.51
163,83,225,Reverse-engineered static standardization,Product Review,Awareness,2024-01-13,2024-03-07,53948.60
164,83,225,Reactive leadingedge knowledgebase,Sponsored Post,Conversions,2024-02-16,2024-03-09,92876.73
165,84,,Re-contextualized clear-thinking utilization,Brand Ambassador,Lead Generation,2023-08-25,2023-10-15,9564.02
166,85,,Down-sized empowering emulation,Sponsored Post,Reach,2023-08-27,2023-10-28,16476.02
167,85,231,Multi-layered executive throughput,Product Review,Lead Generation,2024-01-12,2024-02-23,30202.87
168,86,235,Digitized heuristic forecast,Brand Ambassador,Awareness,2023-02-06,2023-03-10,55798.89
169,86,234,Down-sized regional complexity,Sponsored Post,Awareness,2023-12-21,2024-03-15,1497.95
170,86,236,Horizontal contextually-based conglomeration,Affiliate,Lead Generation,2024-02-20,2024-05-20,94750.96
171,87,,Diverse disintermediate budgetary management,Brand Ambassador,Engagement,2023-04-30,2023-06-09,41852.80
172,87,237,Intuitive object-oriented capacity,Giveaway,Engagement,2023-02-01,2023-04-21,22858.01
173,88,239,Fundamental holistic contingency,Giveaway,Lead Generation,2023-12-09,2024-01-16,85372.86
174,88,,Realigned tertiary alliance,Affiliate,Awareness,2023-06-09,2023-09-01,29774.61
175,89,242,Intuitive grid-enabled circuit,Giveaway,Lead Generation,2024-05-31,2024-07-16,49231.85
176,90,246,Organized needs-based complexity,Giveaway,Awareness,2023-10-17,2023-12-15,29228.58
177,90,246,Innovative bottom-line algorithm,Brand Ambassador,Reach,2024-02-19,2024-03-12,45613.95
178,91,248,Proactive zero administration circuit,Affiliate,Lead Generation,2023-11-11,2024-01-03,37084.85
179,91,,Intuitive coherent ability,Giveaway,Awareness,2023-12-22,2024-02-14,32008.26
180,91,,Profit-focused full-range project,Brand Ambassador,Conversions,2024-02-29,2024-04-11,14296.28
181,92,251,Phased explicit system engine,Product Review,Reach,2023-08-18,2023-10-13,36515.42
182,92,251,Synchronized client-server website,Affiliate,Awareness,2024-03-21,2024-05-13,18401.25
183,92,251,Upgradable leadingedge Graphical User Interface,Giveaway,Lead Generation,2024-03-15,2024-04-08,20446.76
184,93,252,Upgradable mission-critical analyzer,Sponsored Post,Lead Generation,2023-03-29,2023-04-21,63531.02
185,93,,Synergistic neutral budgetary management,Affiliate,Engagement,2023-04-19,2023-07-16,90724.05
186,93,254,Assimilated impactful process improvement,Affiliate,Lead Generation,2023-08-28,2023-11-20,47738.29
187,94,,Organized heuristic array,Giveaway,Lead Generation,2023-06-21,2023-08-20,73589.46
188,95,,Centralized real-time project,Affiliate,Lead Generation,2023-09-11,2023-10-12,9964.85
189,95,258,Reduced multi-tasking definition,Giveaway,Lead Generation,2023-06-01,2023-07-31,68732.00
190,96,,Exclusive 3rdgeneration artificial intelligence,Giveaway,Engagement,2023-08-04,2023-09-04,57069.37
191,96,261,Organized systematic secured line,Product Review,Conversions,2024-02-23,2024-05-19,5001.56
192,96,261,Profound hybrid core,Sponsored Post,Conversions,2023-03-09,2023-05-24,37574.08
193,97,,Intuitive real-time portal,Brand Ambassador,Reach,2024-01-16,2024-02-25,47497.75
194,98,264,Centralized static hierarchy,Brand Ambassador,Awareness,2024-02-02,2024-02-21,70669.89
195,98,,Digitized transitional interface,Brand Ambassador,Conversions,2023-11-05,2024-01-24,58284.51
196,99,267,Networked holistic access,Product Review,Conversions,2023-10-15,2023-11-20,59180.20
197,99,,Monitored grid-enabled function,Brand Ambassador,Reach,2023-08-10,2023-09-02,97294.74
198,99,,Realigned background data-warehouse,Product Review,Conversions,2023-12-13,2024-01-24,81906.44
199,100,271,User-centric intangible website,Affiliate,Awareness,2023-12-12,2024-02-26,50681.86
200,100,271,Horizontal cohesive workforce,Giveaway,Engagement,2023-12-10,2024-01-10,8631.73
201,101,272,Upgradable intangible challenge,Giveaway,Engagement,2023-11-26,2024-01-14,16578.38
202,101,,Right-sized background circuit,Giveaway,Reach,2024-04-01,2024-04-30,81306.09
203,101,273,Innovative methodical moderator,Product Review,Reach,2023-06-11,2023-07-09,21859.69
204,102,274,Cloned optimizing system engine,Giveaway,Awareness,2023-09-18,2023-11-23,13660.63
205,103,276,Cross-group 24hour installation,Affiliate,Awareness,2023-10-19,2023-11-22,89188.97
206,103,276,Future-proofed intangible conglomeration,Giveaway,Conversions,2024-05-11,2024-06-12,92322.24
207,103,,Persistent tertiary open system,Affiliate,Lead Generation,2024-03-07,2024-05-26,64124.65
208,104,277,Exclusive contextually-based implementation,Giveaway,Reach,2023-04-17,2023-06-06,61046.06
209,104,280,Reactive mobile analyzer,Giveaway,Engagement,2023-08-13,2023-10-26,83205.99
210,104,278,Reduced exuding methodology,Affiliate,Engagement,2023-08-23,2023-11-21,62697.96
211,105,282,User-centric maximized definition,Brand Ambassador,Reach,2024-03-10,2024-04-26,60056.80
212,105,282,Adaptive coherent firmware,Product Review,Reach,2023-01-21,2023-02-12,14089.11
213,105,282,Sharable scalable leverage,Affiliate,Lead Generation,2023-08-22,2023-09-07,68752.42
214,106,286,Streamlined static forecast,Product Review,Lead Generation,2023-04-07,2023-05-03,60381.57
215,107,288,Enhanced mobile solution,Sponsored Post,Reach,2023-11-21,2024-02-07,66279.87
216,107,288,Fully-configurable 4thgeneration capability,Product Review,Lead Generation,2024-05-15,2024-08-06,42647.72
217,107,,Proactive asymmetric policy,Product Review,Engagement,2023-08-04,2023-08-23,93903.74
218,108,294,Reduced mission-critical open system,Affiliate,Lead Generation,2023-10-08,2023-12-09,10673.97
219,108,294,Fundamental responsive software,Product Review,Engagement,2023-12-05,2024-01-05,91098.45
220,109,,Team-oriented bottom-line hub,Brand Ambassador,Engagement,2024-01-05,2024-02-24,1541.48
221,110,,Upgradable object-oriented adapter,Affiliate,Awareness,2024-02-03,2024-02-17,52456.42
222,110,,Diverse optimal approach,Giveaway,Conversions,2023-07-21,2023-09-21,41475.66
223,110,297,Intuitive maximized solution,Product Review,Lead Generation,2023-04-24,2023-05-21,26109.64
224,111,,Multi-channeled cohesive application,Brand Ambassador,Lead Generation,2023-04-16,2023-06-23,28280.49
225,111,300,Multi-lateral intangible productivity,Product Review,Lead Generation,2023-07-31,2023-10-03,78595.05
226,111,300,Business-focused explicit frame,Brand Ambassador,Lead Generation,2023-10-04,2023-12-18,55936.22
227,112,,Sharable asynchronous migration,Brand Ambassador,Reach,2024-02-16,2024-04-09,73842.46
228,112,304,Visionary responsive contingency,Product Review,Engagement,2023-05-31,2023-06-29,10927.58
229,113,,Right-sized web-enabled concept,Affiliate,Lead Generation,2023-03-15,2023-05-19,70008.68
230,113,307,Inverse foreground software,Product Review,Awareness,2024-02-27,2024-03-18,80632.57
231,113,,Future-proofed systemic standardization,Affiliate,Reach,2023-08-22,2023-09-23,9725.93
232,114,310,Cross-platform national paradigm,Sponsored Post,Lead Generation,2023-10-09,2023-11-20,4737.78
233,114,311,Digitized 24/7 challenge,Affiliate,Lead Generation,2023-10-01,2023-12-03,29360.45
234,115,313,Horizontal holistic time-frame,Product Review,Reach,2024-02-07,2024-02-28,2060.33
235,115,314,Open-source global complexity,Giveaway,Awareness,2024-01-12,2024-04-01,78611.99
236,115,,Extended coherent middleware,Giveaway,Lead Generation,2023-03-21,2023-06-08,17778.81
237,116,316,Ergonomic next generation pricing structure,Sponsored Post,Engagement,2023-06-21,2023-08-20,9597.44
238,117,319,Public-key transitional neural-net,Product Review,Reach,2024-02-13,2024-04-18,59021.94
239,117,317,Operative logistical archive,Sponsored Post,Awareness,2023-03-30,2023-06-18,55409.67
240,118,322,De-engineered 3rdgeneration matrices,Brand Ambassador,Conversions,2023-04-01,2023-06-25,23403.26
241,118,,Integrated system-worthy hierarchy,Product Review,Lead Generation,2023-09-28,2023-11-05,1460.49
242,118,,Organic radical model,Affiliate,Awareness,2023-04-18,2023-05-24,56304.44
243,119,325,Enhanced tertiary framework,Sponsored Post,Lead Generation,2023-09-23,2023-11-13,95714.23
244,119,,User-friendly bottom-line definition,Brand Ambassador,Reach,2023-01-23,2023-04-15,96639.49
245,119,326,Team-oriented client-server solution,Giveaway,Conversions,2023-04-10,2023-07-05,96162.63
246,120,,Integrated clear-thinking database,Sponsored Post,Reach,2023-06-25,2023-09-05,12510.56
247,120,330,Configurable interactive solution,Giveaway,Engagement,2023-04-12,2023-05-04,80215.98
248,121,,Compatible 3rdgeneration time-frame,Affiliate,Awareness,2023-03-28,2023-05-26,70381.04
249,121,331,Versatile intermediate analyzer,Brand Ambassador,Awareness,2024-01-12,2024-02-28,40494.13
250,122,333,Customer-focused 5thgeneration utilization,Affiliate,Engagement,2023-06-02,2023-07-29,48178.99
251,122,334,Profound optimizing approach,Affiliate,Conversions,2024-05-27,2024-07-25,19095.66
252,122,336,Decentralized eco-centric analyzer,Giveaway,Engagement,2023-12-31,2024-02-07,73807.48
253,123,337,Innovative static access,Giveaway,Engagement,2023-02-21,2023-04-02,83797.14
254,123,337,Decentralized real-time database,Sponsored Post,Awareness,2023-03-16,2023-05-14,92098.62
255,124,339,Exclusive contextually-based secured line,Affiliate,Awareness,2024-04-01,2024-06-17,84953.05
256,124,341,Assimilated background circuit,Product Review,Lead Generation,2023-10-01,2023-12-01,87008.11
257,124,340,Reduced grid-enabled help-desk,Affiliate,Conversions,2023-08-04,2023-10-19,40390.07
258,125,342,Profit-focused zero-defect superstructure,Affiliate,Reach,2023-05-05,2023-06-04,48353.69
259,125,342,Front-line motivating open system,Affiliate,Conversions,2024-04-21,2024-07-13,39977.98
260,125,345,Cross-platform optimal task-force,Sponsored Post,Lead Generation,2023-02-23,2023-03-31,46546.99
261,126,346,Progressive didactic structure,Giveaway,Reach,2023-01-11,2023-01-26,58519.81
262,126,348,Horizontal composite system engine,Affiliate,Conversions,2023-05-29,2023-07-23,19528.09
263,126,347,Adaptive uniform attitude,Brand Ambassador,Reach,2024-02-22,2024-04-09,95894.15
264,127,350,Profit-focused tertiary leverage,Product Review,Reach,2023-06-16,2023-08-15,21842.72
265,127,,Total optimizing contingency,Product Review,Conversions,2023-10-12,2023-12-12,45622.17
266,128,,Synergistic bi-directional contingency,Giveaway,Awareness,2023-12-08,2024-01-07,72360.73
267,128,,Multi-tiered interactive data-warehouse,Product Review,Reach,2023-10-03,2023-11-16,20410.26
268,128,354,Focused incremental budgetary management,Sponsored Post,Engagement,2024-02-04,2024-03-08,42730.55
269,129,357,Decentralized maximized budgetary management,Product Review,Conversions,2023-09-02,2023-11-21,25846.43
270,130,361,Devolved modular task-force,Sponsored Post,Engagement,2024-02-08,2024-02-28,6943.60
271,130,361,Triple-buffered executive open architecture,Sponsored Post,Reach,2023-10-08,2023-11-23,74714.73
272,130,360,Configurable fresh-thinking methodology,Brand Ambassador,Lead Generation,2023-02-01,2023-03-20,56191.66
273,131,362,Networked executive knowledgebase,Product Review,Awareness,2023-03-31,2023-05-28,35757.96
274,131,,User-centric fault-tolerant software,Affiliate,Lead Generation,2024-04-11,2024-05-20,18279.34
275,132,366,Face-to-face neutral installation,Affiliate,Reach,2023-12-11,2024-02-08,77699.69
276,132,364,Optimized content-based architecture,Product Review,Lead Generation,2023-08-14,2023-10-24,29365.83
277,133,368,Synergistic holistic conglomeration,Brand Ambassador,Reach,2024-01-05,2024-02-06,63496.07
278,133,369,Synergistic mobile service-desk,Sponsored Post,Awareness,2023-01-10,2023-04-07,17037.95
279,133,369,Object-based leadingedge model,Brand Ambassador,Conversions,2023-03-23,2023-05-05,71332.92
280,134,,Synergistic attitude-oriented capability,Product Review,Conversions,2024-05-26,2024-07-29,75041.65
281,134,,Object-based impactful solution,Product Review,Engagement,2023-04-22,2023-07-11,19204.73
282,134,370,Customer-focused user-facing concept,Giveaway,Conversions,2024-04-03,2024-04-19,94103.30
283,135,372,Multi-lateral dedicated Graphical User Interface,Giveaway,Reach,2023-02-20,2023-03-16,11197.92
284,135,374,Right-sized impactful capability,Affiliate,Awareness,2023-06-05,2023-06-27,3610.13
285,135,,Optimized uniform methodology,Sponsored Post,Awareness,2023-06-30,2023-09-02,26982.77
286,136,,Virtual transitional throughput,Brand Ambassador,Engagement,2023-08-05,2023-08-29,25492.26
287,137,376,Reverse-engineered encompassing system engine,Giveaway,Lead Generation,2024-03-27,2024-06-05,84013.26
288,137,376,Open-architected heuristic leverage,Brand Ambassador,Conversions,2024-05-15,2024-06-01,86559.87
289,138,379,Open-architected mobile migration,Affiliate,Reach,2024-04-13,2024-07-05,14376.38
290,138,378,Digitized zero administration knowledgebase,Affiliate,Lead Generation,2023-08-05,2023-10-27,46197.80
291,139,382,Decentralized eco-centric matrix,Affiliate,Lead Generation,2023-03-25,2023-06-19,31656.47
292,139,382,Focused responsive challenge,Affiliate,Engagement,2024-01-22,2024-03-20,80666.07
293,139,382,Cross-platform user-facing application,Brand Ambassador,Reach,2023-01-24,2023-04-04,26720.90
294,140,383,Proactive systematic algorithm,Affiliate,Engagement,2023-02-22,2023-03-09,35044.61
295,140,,Multi-tiered real-time service-desk,Sponsored Post,Reach,2023-05-20,2023-08-02,94748.79
296,141,387,Distributed exuding process improvement,Product Review,Conversions,2023-09-11,2023-11-02,60103.37
297,141,,Cross-platform well-modulated archive,Brand Ambassador,Engagement,2024-04-29,2024-05-13,41761.85
298,142,,Versatile multi-state throughput,Giveaway,Engagement,2024-05-28,2024-08-05,71778.86
299,142,,Persistent dedicated frame,Giveaway,Conversions,2024-01-18,2024-03-21,8841.76
300,142,,Proactive mobile middleware,Brand Ambassador,Lead Generation,2024-05-29,2024-07-12,81072.06
301,143,390,Quality-focused global workforce,Giveaway,Engagement,2023-07-23,2023-08-30,29669.93
302,143,,Quality-focused 3rdgeneration task-force,Brand Ambassador,Lead Generation,2024-02-24,2024-05-06,49707.61
303,144,394,Optional bottom-line info-mediaries,Sponsored Post,Lead Generation,2023-01-25,2023-02-10,3190.96
304,144,395,Intuitive homogeneous intranet,Brand Ambassador,Engagement,2023-12-16,2024-01-12,71804.40
305,145,398,Automated 5thgeneration conglomeration,Sponsored Post,Engagement,2023-12-24,2024-01-08,2457.76
306,145,399,Switchable zero-defect framework,Product Review,Conversions,2024-03-08,2024-04-18,78786.81
307,145,399,Pre-emptive intermediate challenge,Product Review,Awareness,2023-05-08,2023-07-24,33694.62
308,146,401,Universal human-resource matrix,Product Review,Awareness,2023-08-31,2023-09-21,54776.00
309,147,404,Re-contextualized systematic matrix,Product Review,Awareness,2023-03-26,2023-05-03,13074.19
310,148,,Reactive systemic moratorium,Product Review,Engagement,2024-05-27,2024-07-11,74024.28
311,148,407,Phased methodical open architecture,Product Review,Awareness,2024-03-20,2024-04-07,52592.77
312,148,,Profit-focused analyzing infrastructure,Product Review,Conversions,2023-05-02,2023-06-11,93685.31
313,149,409,Proactive optimizing implementation,Brand Ambassador,Reach,2023-07-24,2023-08-12,64213.48
314,150,412,Synergistic heuristic throughput,Giveaway,Awareness,2024-04-24,2024-06-23,24360.62
315,151,416,Inverse analyzing algorithm,Giveaway,Conversions,2023-08-09,2023-10-03,58884.99
316,151,417,Balanced clear-thinking hierarchy,Sponsored Post,Awareness,2024-04-03,2024-06-06,58526.63
317,152,,User-centric optimal algorithm,Giveaway,Conversions,2023-09-28,2023-12-11,77308.90
318,152,420,Mandatory homogeneous attitude,Product Review,Awareness,2024-04-30,2024-06-14,68908.52
319,152,419,Monitored heuristic installation,Sponsored Post,Conversions,2023-11-29,2024-01-25,64812.91
320,153,423,Centralized stable encryption,Giveaway,Reach,2023-09-30,2023-12-21,24034.79
321,153,425,Front-line secondary function,Product Review,Engagement,2023-07-12,2023-10-05,3113.93
322,153,425,Configurable system-worthy architecture,Giveaway,Conversions,2024-04-05,2024-06-06,89967.64
323,154,,Customizable global concept,Affiliate,Reach,2023-08-25,2023-11-03,19787.81
324,154,,Public-key fresh-thinking alliance,Brand Ambassador,Reach,2023-01-16,2023-02-22,28257.12
325,155,428,Switchable interactive open system,Sponsored Post,Lead Generation,2023-12-24,2024-03-17,16347.52
326,155,429,Operative encompassing adapter,Affiliate,Conversions,2024-02-04,2024-03-26,45953.82
327,155,430,Reverse-engineered 3rdgeneration functionalities,Giveaway,Awareness,2023-12-31,2024-03-18,62353.73
328,156,,Re-engineered human-resource Graphic Interface,Sponsored Post,Lead Generation,2023-10-21,2023-12-04,82085.92
329,156,,Cross-platform mobile attitude,Affiliate,Engagement,2024-03-20,2024-04-27,61690.88
330,157,,Mandatory modular middleware,Sponsored Post,Awareness,2023-06-09,2023-08-14,52796.85
331,157,432,Down-sized reciprocal framework,Giveaway,Engagement,2023-09-21,2023-10-13,87475.78
332,158,,Optional dedicated methodology,Giveaway,Awareness,2023-10-10,2023-11-06,4149.90
333,159,,Compatible national data-warehouse,Product Review,Lead Generation,2024-05-08,2024-07-10,62773.08
334,159,437,Fundamental actuating framework,Sponsored Post,Conversions,2023-08-12,2023-11-09,22851.56
335,159,436,Open-architected directional process improvement,Giveaway,Reach,2024-03-21,2024-04-13,92911.97
336,160,438,Universal optimal attitude,Brand Ambassador,Lead Generation,2023-03-13,2023-05-25,74604.27
337,161,439,Mandatory encompassing architecture,Affiliate,Conversions,2024-04-04,2024-06-04,53373.06
338,161,,Progressive methodical interface,Sponsored Post,Engagement,2024-03-15,2024-04-07,96098.09
339,162,440,Monitored asynchronous projection,Affiliate,Reach,2023-06-12,2023-07-08,19756.58
340,163,,Profit-focused exuding Internet solution,Giveaway,Lead Generation,2023-08-23,2023-10-07,75170.24
341,163,,Quality-focused foreground customer loyalty,Sponsored Post,Lead Generation,2024-05-30,2024-08-05,36438.37
342,163,,Open-architected eco-centric process improvement,Product Review,Awareness,2023-11-18,2024-01-29,17514.12
343,164,444,Persevering static task-force,Affiliate,Conversions,2024-02-05,2024-04-29,66095.66
344,165,,Enterprise-wide 3rdgeneration product,Brand Ambassador,Conversions,2024-03-01,2024-05-30,55458.05
345,165,,Enterprise-wide object-oriented methodology,Product Review,Reach,2024-02-05,2024-03-31,82789.34
346,165,445,Switchable value-added Local Area Network,Affiliate,Lead Generation,2023-06-15,2023-08-09,22178.89
347,166,447,Sharable national workforce,Product Review,Reach,2023-07-28,2023-09-12,96022.62
348,166,,Visionary intermediate open system,Sponsored Post,Conversions,2024-04-22,2024-05-06,59980.52
349,166,446,Centralized multi-state customer loyalty,Brand Ambassador,Awareness,2024-05-01,2024-07-20,30733.06
350,167,449,Persistent client-server encoding,Sponsored Post,Conversions,2023-10-10,2023-11-20,91992.10
351,168,,User-friendly systemic task-force,Affiliate,Engagement,2023-04-27,2023-07-21,10334.43
352,168,451,Optional incremental functionalities,Giveaway,Engagement,2023-08-22,2023-11-02,27233.83
353,168,450,Sharable demand-driven installation,Giveaway,Conversions,2023-02-20,2023-05-19,81296.35
354,169,455,Horizontal secondary complexity,Affiliate,Engagement,2023-07-27,2023-10-22,73692.33
355,170,,Synergized radical encoding,Giveaway,Reach,2023-07-19,2023-09-12,82744.82
356,170,456,Front-line bifurcated collaboration,Affiliate,Conversions,2023-11-12,2024-02-07,4699.79
357,170,,Assimilated dynamic website,Sponsored Post,Awareness,2023-05-30,2023-08-25,92265.28
358,171,458,Persistent mobile open architecture,Product Review,Awareness,2023-08-30,2023-10-27,87108.86
359,171,,Optimized secondary alliance,Affiliate,Awareness,2023-12-05,2024-01-17,63754.82
360,172,459,Diverse encompassing challenge,Brand Ambassador,Lead Generation,2023-06-06,2023-08-07,5077.04
361,172,,Fundamental even-keeled protocol,Giveaway,Conversions,2023-01-23,2023-04-16,50737.76
362,172,460,Enhanced secondary analyzer,Sponsored Post,Reach,2024-03-03,2024-04-14,97132.98
363,173,463,Ameliorated analyzing artificial intelligence,Giveaway,Reach,2024-01-13,2024-04-09,29688.52
364,173,464,Robust exuding architecture,Giveaway,Conversions,2023-09-01,2023-11-04,9171.97
365,173,463,Multi-lateral static protocol,Affiliate,Reach,2023-11-13,2024-02-08,26993.24
366,174,,Object-based uniform challenge,Giveaway,Engagement,2023-03-12,2023-05-29,48611.33
367,174,,Customizable object-oriented support,Product Review,Lead Generation,2023-07-03,2023-08-11,20413.83
368,175,469,Decentralized multi-state secured line,Giveaway,Awareness,2024-01-24,2024-04-14,27359.45
369,175,470,Vision-oriented multi-tasking extranet,Affiliate,Awareness,2024-03-26,2024-06-03,12140.46
370,175,470,Cross-group disintermediate policy,Brand Ambassador,Conversions,2024-01-21,2024-03-27,19858.48
371,176,471,Visionary foreground groupware,Brand Ambassador,Engagement,2023-04-05,2023-07-04,98777.54
372,176,471,User-centric human-resource workforce,Product Review,Awareness,2024-03-29,2024-06-07,92497.11
373,177,,Optimized didactic circuit,Brand Ambassador,Engagement,2023-07-03,2023-08-11,76015.64
374,178,474,Enhanced didactic focus group,Giveaway,Lead Generation,2023-03-24,2023-04-21,92746.24
375,179,,Open-source eco-centric parallelism,Sponsored Post,Conversions,2023-12-08,2023-12-23,45556.10
376,179,,Pre-emptive national hub,Giveaway,Lead Generation,2023-02-13,2023-03-01,21975.66
377,180,,Intuitive needs-based interface,Affiliate,Reach,2023-03-29,2023-06-17,62681.16
378,180,478,Synergized dynamic focus group,Product Review,Lead Generation,2024-01-04,2024-02-05,90697.99
379,180,478,Multi-lateral methodical structure,Brand Ambassador,Engagement,2023-04-23,2023-07-13,6950.89
380,181,479,Integrated 3rdgeneration project,Product Review,Awareness,2023-10-13,2023-11-30,7593.18
381,182,484,Automated user-facing protocol,Sponsored Post,Awareness,2024-04-15,2024-06-02,29957.06
382,182,483,Team-oriented zero tolerance secured line,Product Review,Lead Generation,2023-02-12,2023-04-16,97684.58
383,182,484,Function-based neutral info-mediaries,Product Review,Lead Generation,2023-07-06,2023-08-01,53624.50
384,183,,Sharable tangible hierarchy,Product Review,Lead Generation,2023-08-29,2023-10-07,92708.65
385,184,490,Public-key disintermediate intranet,Affiliate,Conversions,2023-04-05,2023-04-24,34023.39
386,185,492,Advanced hybrid extranet,Brand Ambassador,Conversions,2023-10-29,2023-12-02,36182.44
387,185,492,Cross-group web-enabled encoding,Affiliate,Conversions,2023-08-22,2023-10-13,81377.39
388,186,494,Expanded cohesive intranet,Sponsored Post,Lead Generation,2023-08-20,2023-10-05,94962.53
389,186,493,Intuitive zero administration project,Brand Ambassador,Reach,2024-05-05,2024-06-16,66036.24
390,186,,Automated even-keeled artificial intelligence,Product Review,Lead Generation,2023-11-12,2023-12-07,96099.96
391,187,,Phased user-facing installation,Giveaway,Lead Generation,2024-01-17,2024-02-29,16122.17
392,187,,Universal interactive attitude,Product Review,Lead Generation,2023-09-16,2023-11-08,14045.44
393,187,495,Total empowering middleware,Giveaway,Conversions,2023-05-05,2023-06-05,69164.68
394,188,,Multi-channeled intangible portal,Giveaway,Lead Generation,2023-02-21,2023-03-24,91794.10
395,188,496,User-centric fresh-thinking knowledgebase,Affiliate,Lead Generation,2024-03-01,2024-04-24,94911.55
396,188,497,Virtual actuating project,Brand Ambassador,Engagement,2023-01-22,2023-02-20,72980.87
397,189,,Enterprise-wide responsive intranet,Brand Ambassador,Reach,2024-05-13,2024-07-18,74815.36
398,189,499,Devolved 24hour initiative,Giveaway,Awareness,2024-05-12,2024-06-30,14023.04
399,190,500,Self-enabling fault-tolerant functionalities,Affiliate,Engagement,2023-06-05,2023-07-23,23860.33
400,191,501,Configurable bifurcated complexity,Product Review,Engagement,2024-03-23,2024-05-21,50730.13
401,192,506,Programmable transitional throughput,Giveaway,Reach,2023-07-13,2023-09-25,49653.11
402,192,505,Virtual clear-thinking policy,Giveaway,Engagement,2024-05-19,2024-06-19,4190.73
403,192,506,Intuitive local matrices,Product Review,Engagement,2023-11-15,2023-11-30,74494.30
404,193,508,Fundamental context-sensitive software,Giveaway,Reach,2023-04-14,2023-05-24,86845.77
405,194,,Inverse executive customer loyalty,Giveaway,Reach,2024-04-05,2024-05-30,41081.81
406,194,,Operative holistic contingency,Brand Ambassador,Reach,2023-03-07,2023-03-26,61538.98
407,195,512,Multi-tiered object-oriented definition,Affiliate,Awareness,2023-11-02,2024-01-28,45709.35
408,195,513,Ameliorated next generation project,Affiliate,Lead Generation,2023-01-17,2023-02-05,40165.51
409,195,,Self-enabling discrete array,Affiliate,Awareness,2024-04-20,2024-05-09,19795.18
410,196,,Exclusive empowering standardization,Brand Ambassador,Reach,2023-12-26,2024-02-28,17482.17
411,196,515,Business-focused impactful process improvement,Affiliate,Engagement,2023-05-12,2023-07-02,46894.32
412,197,516,Right-sized empowering collaboration,Affiliate,Awareness,2023-11-30,2024-02-09,18797.37
413,197,,Multi-layered composite open system,Giveaway,Reach,2023-03-11,2023-06-07,41942.37
414,197,516,Advanced transitional moderator,Giveaway,Reach,2023-04-02,2023-06-12,59441.23
415,198,523,Visionary logistical service-desk,Sponsored Post,Conversions,2023-12-04,2024-01-12,33083.40
416,198,520,Decentralized directional structure,Sponsored Post,Awareness,2024-01-19,2024-02-22,70916.44
417,198,520,Ergonomic zero tolerance flexibility,Affiliate,Reach,2023-06-07,2023-08-06,72960.51
418,199,,User-friendly modular implementation,Affiliate,Reach,2023-08-12,2023-09-15,5346.70
419,199,,Optional demand-driven policy,Affiliate,Engagement,2023-04-12,2023-05-17,17050.29
420,199,524,Horizontal upward-trending service-desk,Sponsored Post,Reach,2023-06-17,2023-07-19,31498.16
421,200,527,Operative contextually-based installation,Giveaway,Awareness,2023-05-28,2023-08-07,89955.65
422,200,525,Assimilated explicit firmware,Affiliate,Conversions,2023-04-24,2023-06-02,2208.57
423,200,528,Secured local encryption,Affiliate,Awareness,2023-07-02,2023-09-17,61190.41
424,201,530,Reduced systemic project,Affiliate,Reach,2023-10-15,2023-11-28,45920.11
425,201,529,Configurable 24/7 leverage,Affiliate,Lead Generation,2023-12-22,2024-03-01,1650.73
426,202,,Inverse system-worthy infrastructure,Affiliate,Engagement,2023-04-14,2023-06-02,5842.96
427,202,532,Universal human-resource strategy,Brand Ambassador,Awareness,2023-06-14,2023-07-16,15392.07
428,202,,User-centric radical extranet,Affiliate,Conversions,2023-11-25,2023-12-13,33780.00
429,203,536,Cross-platform next generation approach,Product Review,Engagement,2023-02-26,2023-03-18,16972.19
430,204,,Managed disintermediate leverage,Affiliate,Engagement,2023-02-10,2023-05-11,96663.03
431,204,540,Robust static website,Sponsored Post,Awareness,2023-10-03,2023-12-30,77082.69
432,205,543,Triple-buffered value-added workforce,Sponsored Post,Reach,2024-04-09,2024-06-09,84487.65
433,205,543,Adaptive eco-centric middleware,Product Review,Engagement,2023-02-05,2023-02-27,13080.30
434,206,,Multi-tiered exuding infrastructure,Affiliate,Engagement,2024-04-26,2024-06-21,69887.12
435,206,544,De-engineered next generation analyzer,Affiliate,Lead Generation,2023-10-16,2023-11-06,98731.74
436,207,550,Enhanced empowering concept,Affiliate,Conversions,2024-03-26,2024-05-15,26706.34
437,207,,Proactive global Local Area Network,Brand Ambassador,Engagement,2024-01-27,2024-04-23,61814.71
438,208,554,Cross-group foreground strategy,Product Review,Engagement,2023-04-13,2023-07-02,88482.70
439,208,553,Optional client-server firmware,Giveaway,Awareness,2024-02-16,2024-03-30,12702.51
440,209,556,Intuitive 6thgeneration capacity,Affiliate,Reach,2023-04-01,2023-04-30,41990.07
441,209,557,Grass-roots value-added hierarchy,Affiliate,Engagement,2024-01-23,2024-03-19,2118.43
442,210,561,Horizontal empowering pricing structure,Sponsored Post,Conversions,2023-12-01,2024-01-20,30728.12
443,211,562,Programmable foreground Internet solution,Sponsored Post,Conversions,2023-07-24,2023-09-17,34794.80
444,211,562,Intuitive user-facing matrix,Giveaway,Engagement,2023-05-09,2023-08-03,33720.97
445,211,,Realigned stable productivity,Product Review,Awareness,2023-04-28,2023-06-24,64919.57
446,212,,Business-focused content-based collaboration,Product Review,Lead Generation,2023-12-08,2024-01-10,89696.93
447,212,566,Focused contextually-based alliance,Sponsored Post,Lead Generation,2023-02-12,2023-04-26,30635.03
448,213,567,Fundamental cohesive strategy,Giveaway,Lead Generation,2024-01-01,2024-02-24,68863.84
449,213,567,Optional bifurcated methodology,Giveaway,Conversions,2023-12-29,2024-02-26,84233.18
450,213,,Organic heuristic strategy,Affiliate,Engagement,2023-02-01,2023-03-30,57527.18
451,214,568,Pre-emptive logistical methodology,Brand Ambassador,Conversions,2024-03-11,2024-04-17,71274.16
452,214,,Up-sized client-server capability,Sponsored Post,Reach,2023-03-29,2023-05-16,87827.82
453,215,573,Cross-group demand-driven forecast,Giveaway,Lead Generation,2023-09-29,2023-12-09,30929.51
454,215,573,Down-sized value-added migration,Sponsored Post,Engagement,2023-05-21,2023-06-18,91422.03
455,216,575,Re-contextualized stable paradigm,Product Review,Lead Generation,2023-07-31,2023-10-17,16253.70
456,216,576,Reduced 24hour moderator,Affiliate,Conversions,2023-06-14,2023-08-10,77777.79
457,217,,Enterprise-wide intangible archive,Giveaway,Engagement,2024-03-19,2024-04-14,72732.49
458,218,,Visionary modular service-desk,Sponsored Post,Awareness,2023-07-11,2023-09-12,31787.15
459,218,,Managed 4thgeneration forecast,Sponsored Post,Conversions,2023-03-15,2023-04-03,47220.71
460,219,587,Object-based holistic parallelism,Sponsored Post,Lead Generation,2023-04-05,2023-05-02,76090.89
461,220,,Inverse coherent algorithm,Giveaway,Engagement,2023-03-24,2023-05-03,29370.17
462,220,,Persevering tertiary protocol,Product Review,Awareness,2023-03-04,2023-05-25,27992.77
463,220,,Persevering responsive flexibility,Sponsored Post,Awareness,2024-01-08,2024-02-11,95871.51
464,221,589,Switchable 24hour groupware,Giveaway,Lead Generation,2024-04-06,2024-06-24,35681.50
465,221,591,Streamlined regional knowledge user,Giveaway,Conversions,2023-02-04,2023-03-30,57834.21
466,221,589,Upgradable upward-trending website,Brand Ambassador,Lead Generation,2023-09-10,2023-10-15,89332.07
467,222,593,De-engineered didactic application,Giveaway,Awareness,2024-03-18,2024-05-27,47602.82
468,222,593,Horizontal fresh-thinking website,Product Review,Awareness,2024-05-14,2024-06-03,9525.84
469,222,594,User-friendly asynchronous neural-net,Affiliate,Lead Generation,2023-02-13,2023-04-18,63317.60
470,223,,Multi-tiered background initiative,Brand Ambassador,Conversions,2024-04-12,2024-06-22,33900.88
471,223,,Enhanced disintermediate throughput,Affiliate,Awareness,2023-07-18,2023-08-26,97394.51
472,223,,Cross-group 3rdgeneration database,Giveaway,Awareness,2023-11-06,2024-01-18,81472.25
473,224,598,Networked zero-defect initiative,Product Review,Conversions,2023-05-07,2023-07-19,68763.32
474,224,601,Stand-alone web-enabled projection,Giveaway,Engagement,2023-08-10,2023-10-22,15228.45
475,224,600,Decentralized exuding matrix,Product Review,Engagement,2023-04-30,2023-06-16,70261.85
476,225,603,User-centric fault-tolerant software,Product Review,Reach,2023-12-02,2024-01-27,3996.15
477,225,602,De-engineered heuristic secured line,Brand Ambassador,Reach,2024-04-13,2024-06-26,46662.93
478,225,603,Multi-layered multimedia customer loyalty,Brand Ambassador,Lead Generation,2023-03-16,2023-04-20,57893.15
479,226,,Organized human-resource leverage,Sponsored Post,Conversions,2024-01-16,2024-02-12,56058.84
480,226,606,Re-contextualized radical interface,Affiliate,Reach,2023-07-28,2023-08-20,40680.83
481,226,605,Versatile interactive workforce,Affiliate,Engagement,2023-03-12,2023-05-17,55246.95
482,227,607,Seamless contextually-based Internet solution,Brand Ambassador,Engagement,2023-10-14,2023-12-16,81577.65
483,227,,Optimized background analyzer,Product Review,Lead Generation,2024-05-04,2024-08-01,78945.35
484,228,611,Mandatory maximized service-desk,Sponsored Post,Lead Generation,2024-02-03,2024-03-18,83838.07
485,228,,Stand-alone systemic structure,Brand Ambassador,Lead Generation,2023-06-24,2023-07-22,10667.74
486,228,611,Proactive multi-tasking product,Brand Ambassador,Reach,2023-05-01,2023-07-10,7891.16
487,229,,Progressive attitude-oriented frame,Brand Ambassador,Reach,2024-05-17,2024-08-15,64853.92
488,230,617,Optional attitude-oriented website,Giveaway,Lead Generation,2023-12-30,2024-01-24,90422.34
489,231,619,Innovative coherent capacity,Giveaway,Reach,2024-01-06,2024-01-20,53594.33
490,231,,Fully-configurable multi-state interface,Giveaway,Engagement,2023-08-22,2023-10-24,68470.16
491,231,,Re-contextualized actuating neural-net,Affiliate,Conversions,2023-08-18,2023-10-11,91931.66
492,232,620,Balanced multimedia benchmark,Affiliate,Awareness,2023-03-01,2023-04-28,61537.58
493,232,621,Optimized incremental attitude,Giveaway,Conversions,2024-02-01,2024-04-20,7178.65
494,233,622,Switchable uniform open system,Affiliate,Conversions,2023-12-27,2024-01-16,11860.13
495,233,622,Multi-channeled eco-centric paradigm,Giveaway,Reach,2023-07-16,2023-09-04,70519.97
496,233,,Visionary motivating adapter,Product Review,Reach,2023-03-05,2023-05-08,38774.94
497,234,,User-centric stable Local Area Network,Giveaway,Reach,2023-03-30,2023-05-10,14767.82
498,234,624,Enterprise-wide hybrid analyzer,Brand Ambassador,Reach,2023-05-20,2023-08-13,16272.46
499,234,623,Operative tertiary framework,Sponsored Post,Awareness,2023-03-06,2023-04-05,65190.54
500,235,628,Reverse-engineered uniform knowledgebase,Giveaway,Awareness,2023-09-01,2023-11-16,14584.81
501,236,,Secured empowering Graphical User Interface,Product Review,Lead Generation,2023-12-16,2024-02-26,18799.94
502,236,632,Extended contextually-based artificial intelligence,Affiliate,Reach,2023-05-26,2023-08-13,39086.76
503,237,634,Fundamental systematic benchmark,Affiliate,Awareness,2024-04-14,2024-05-21,58215.91
504,238,,Public-key 3rdgeneration ability,Brand Ambassador,Reach,2023-12-03,2024-01-16,92729.88
505,238,637,Customizable 24/7 concept,Sponsored Post,Awareness,2023-11-03,2024-01-29,57246.81
506,238,635,Polarized logistical solution,Affiliate,Reach,2024-05-24,2024-07-24,96212.04
507,239,,Switchable value-added portal,Brand Ambassador,Reach,2023-11-11,2023-12-13,52178.01
508,240,644,Innovative regional pricing structure,Product Review,Awareness,2024-01-14,2024-02-08,68723.33
509,240,,Team-oriented systematic solution,Brand Ambassador,Lead Generation,2023-10-08,2023-12-30,6224.65
510,240,,Innovative background capacity,Sponsored Post,Reach,2023-11-03,2023-12-30,45949.44
511,241,,Advanced content-based budgetary management,Product Review,Conversions,2023-04-15,2023-07-11,96097.55
512,241,,Total content-based algorithm,Giveaway,Awareness,2023-01-13,2023-03-05,69810.07
513,242,,Polarized solution-oriented circuit,Sponsored Post,Reach,2023-06-12,2023-08-03,58235.97
514,242,648,Front-line intermediate product,Brand Ambassador,Lead Generation,2024-05-19,2024-08-14,3702.51
515,242,648,Ergonomic background framework,Giveaway,Lead Generation,2024-02-23,2024-05-09,8609.36
516,243,650,Digitized methodical interface,Affiliate,Conversions,2023-12-26,2024-02-10,28246.49
517,243,649,Customizable composite collaboration,Sponsored Post,Lead Generation,2023-01-17,2023-03-04,18286.77
518,244,,Pre-emptive methodical adapter,Product Review,Conversions,2023-12-12,2024-01-14,80976.23
519,244,,Reduced dynamic customer loyalty,Giveaway,Reach,2023-12-16,2024-02-01,18900.11
520,244,652,Re-contextualized hybrid application,Brand Ambassador,Awareness,2023-08-18,2023-11-07,96767.22
521,245,657,Advanced bi-directional product,Product Review,Reach,2023-09-17,2023-10-20,24556.80
522,245,655,Operative modular support,Giveaway,Lead Generation,2023-12-02,2024-02-10,73701.75
523,245,654,Right-sized upward-trending neural-net,Brand Ambassador,Awareness,2024-03-25,2024-05-22,6199.80
524,246,659,Automated mobile initiative,Brand Ambassador,Reach,2023-08-14,2023-10-18,74868.90
525,246,658,Profound optimizing success,Product Review,Reach,2024-01-13,2024-04-04,47984.37
526,247,,Synergistic mobile emulation,Sponsored Post,Conversions,2024-04-19,2024-07-09,92795.03
527,248,665,Progressive 3rdgeneration interface,Affiliate,Awareness,2023-02-17,2023-04-20,10639.07
528,248,665,Intuitive neutral architecture,Product Review,Lead Generation,2024-03-23,2024-06-13,91886.16
529,249,668,Stand-alone intangible leverage,Brand Ambassador,Awareness,2023-07-28,2023-09-22,26279.05
530,249,669,Proactive regional project,Product Review,Engagement,2023-04-01,2023-06-28,73697.03
531,250,672,Organized tangible Internet solution,Giveaway,Conversions,2023-09-27,2023-11-04,55213.64
532,250,670,Diverse executive success,Sponsored Post,Reach,2023-01-17,2023-02-01,10672.18
533,250,,Phased grid-enabled intranet,Brand Ambassador,Engagement,2023-05-30,2023-06-26,72799.81
534,251,673,Profit-focused directional parallelism,Sponsored Post,Lead Generation,2023-06-30,2023-08-07,10102.19
535,251,674,Robust transitional protocol,Affiliate,Awareness,2023-09-21,2023-12-20,71099.44
536,252,678,De-engineered explicit success,Product Review,Lead Generation,2023-12-30,2024-01-24,80516.81
537,253,681,Operative systematic projection,Brand Ambassador,Conversions,2023-10-31,2023-11-28,47228.60
538,254,685,Phased cohesive process improvement,Product Review,Conversions,2023-10-07,2023-12-18,26476.32
539,255,687,Horizontal system-worthy synergy,Product Review,Reach,2023-06-10,2023-07-29,33932.82
540,256,692,Synchronized mission-critical capacity,Giveaway,Reach,2023-03-08,2023-04-24,7870.45
541,257,694,Exclusive cohesive portal,Product Review,Awareness,2023-05-15,2023-07-18,15243.39
542,258,,Cross-platform intangible methodology,Sponsored Post,Reach,2024-01-18,2024-02-28,71824.63
543,258,696,Front-line demand-driven open architecture,Sponsored Post,Awareness,2023-08-24,2023-09-20,57563.11
544,259,698,Ameliorated heuristic firmware,Product Review,Engagement,2023-02-06,2023-04-18,65633.67
545,259,698,Synergistic cohesive conglomeration,Product Review,Conversions,2023-10-05,2023-10-19,16009.14
546,260,,Automated asymmetric Graphical User Interface,Sponsored Post,Lead Generation,2024-01-27,2024-03-31,71052.96
547,260,700,Customizable regional emulation,Product Review,Reach,2023-12-01,2024-02-15,84560.87
548,261,702,Realigned directional matrix,Sponsored Post,Reach,2023-04-04,2023-06-26,95461.38
549,262,,Mandatory zero tolerance help-desk,Brand Ambassador,Conversions,2023-07-20,2023-08-18,40660.87
550,262,,Visionary next generation flexibility,Affiliate,Conversions,2023-02-06,2023-03-03,8965.22
551,263,,Team-oriented multimedia portal,Giveaway,Engagement,2023-04-28,2023-06-18,55893.07
552,263,,Triple-buffered actuating intranet,Giveaway,Conversions,2023-03-22,2023-05-24,69892.35
553,264,708,Versatile bifurcated benchmark,Sponsored Post,Reach,2023-12-22,2024-02-19,73797.09
554,265,709,Seamless zero tolerance benchmark,Sponsored Post,Lead Generation,2024-04-19,2024-05-07,24610.03
555,266,,Balanced motivating benchmark,Brand Ambassador,Reach,2024-03-12,2024-04-03,53860.06
556,266,711,Self-enabling bottom-line database,Sponsored Post,Conversions,2023-05-10,2023-07-20,6549.39
557,267,,Diverse upward-trending frame,Sponsored Post,Engagement,2023-10-08,2023-10-27,80903.27
558,267,,Virtual motivating methodology,Affiliate,Engagement,2023-12-09,2024-02-27,74364.10
559,267,715,Distributed secondary hierarchy,Sponsored Post,Engagement,2023-03-19,2023-05-01,49400.58
560,268,718,Devolved bottom-line customer loyalty,Giveaway,Engagement,2023-09-17,2023-11-30,2422.16
561,269,,Operative zero administration throughput,Sponsored Post,Reach,2023-12-08,2023-12-28,61511.36
562,269,721,Fully-configurable methodical Graphical User Interface,Sponsored Post,Awareness,2023-01-06,2023-04-05,50217.21
563,269,721,Profit-focused composite artificial intelligence,Giveaway,Reach,2023-08-11,2023-09-22,34396.97
564,270,723,Multi-layered transitional system engine,Sponsored Post,Lead Generation,2023-07-26,2023-09-29,55042.59
565,270,722,Multi-lateral responsive secured line,Sponsored Post,Lead Generation,2023-11-19,2024-01-13,18171.32
566,270,722,Distributed web-enabled system engine,Brand Ambassador,Engagement,2023-07-10,2023-08-01,75997.46
567,271,725,Operative zero tolerance emulation,Product Review,Engagement,2024-02-16,2024-04-17,92641.88
568,272,727,Optimized incremental installation,Affiliate,Reach,2023-04-18,2023-05-19,77988.50
569,273,729,Programmable systemic hierarchy,Sponsored Post,Awareness,2023-12-23,2024-03-08,18761.87
570,274,733,Organic client-server throughput,Product Review,Reach,2023-01-24,2023-04-23,69543.47
571,275,736,Universal multi-state architecture,Affiliate,Reach,2023-01-08,2023-02-09,41791.10
572,276,737,Mandatory foreground initiative,Product Review,Lead Generation,2023-03-07,2023-03-25,95079.51
573,277,739,Optional analyzing infrastructure,Product Review,Awareness,2023-05-08,2023-06-29,56213.33
574,277,738,Switchable secondary collaboration,Affiliate,Awareness,2023-01-29,2023-03-08,62273.17
575,277,,Centralized responsive structure,Giveaway,Reach,2024-03-22,2024-06-13,77262.80
576,278,742,Programmable explicit instruction set,Sponsored Post,Engagement,2024-05-27,2024-07-06,12155.23
577,278,,Synergized tangible neural-net,Product Review,Engagement,2023-11-09,2023-12-12,16816.20
578,278,740,Up-sized value-added functionalities,Brand Ambassador,Conversions,2023-08-25,2023-09-13,21749.39
579,279,,Advanced even-keeled moderator,Sponsored Post,Awareness,2023-09-25,2023-11-20,74301.27
580,279,743,Digitized tangible initiative,Giveaway,Awareness,2024-04-19,2024-07-10,49021.08
581,280,744,Stand-alone demand-driven moratorium,Product Review,Lead Generation,2023-12-13,2024-01-05,58396.42
582,281,747,Secured solution-oriented intranet,Giveaway,Awareness,2024-04-29,2024-06-07,33287.09
583,281,746,Streamlined impactful time-frame,Product Review,Engagement,2023-09-26,2023-10-22,38177.71
584,282,749,Innovative attitude-oriented alliance,Affiliate,Reach,2023-06-03,2023-06-26,6379.60
585,283,751,Managed human-resource success,Affiliate,Reach,2024-02-22,2024-03-25,18628.02
586,283,751,Programmable needs-based forecast,Product Review,Engagement,2023-04-08,2023-06-08,63570.09
587,284,,Cross-group multimedia neural-net,Giveaway,Awareness,2023-06-16,2023-07-25,69528.84
588,284,,Programmable global system engine,Giveaway,Awareness,2023-08-31,2023-09-21,85313.49
589,285,755,Diverse 3rdgeneration algorithm,Brand Ambassador,Engagement,2024-05-08,2024-07-14,88754.49
590,285,755,Reverse-engineered empowering encoding,Affiliate,Lead Generation,2024-02-24,2024-03-29,85645.40
591,286,,Up-sized interactive middleware,Giveaway,Lead Generation,2023-08-25,2023-10-30,47875.41
592,287,759,Upgradable analyzing hub,Product Review,Engagement,2023-03-27,2023-05-15,25535.31
593,287,,Self-enabling motivating help-desk,Giveaway,Lead Generation,2023-07-21,2023-09-28,94678.98
594,288,766,Business-focused web-enabled projection,Sponsored Post,Awareness,2023-04-07,2023-04-21,99136.08
595,288,763,Organized exuding orchestration,Product Review,Lead Generation,2023-04-07,2023-06-24,40037.70
596,288,766,Persevering global encoding,Product Review,Engagement,2023-01-05,2023-01-31,9226.06
597,289,768,Re-contextualized transitional product,Giveaway,Conversions,2024-03-27,2024-06-01,30283.25
598,290,771,Public-key radical emulation,Product Review,Conversions,2024-05-31,2024-06-25,17018.48
599,290,771,Innovative executive secured line,Product Review,Reach,2023-09-30,2023-12-11,77411.67
600,290,772,Synergistic client-driven structure,Brand Ambassador,Reach,2024-03-20,2024-05-24,70686.30
601,291,775,Programmable user-facing encryption,Brand Ambassador,Lead Generation,2023-10-21,2023-11-13,4238.70
602,292,776,Inverse multi-state paradigm,Sponsored Post,Lead Generation,2023-03-23,2023-05-10,88203.88
603,292,,Vision-oriented high-level knowledgebase,Sponsored Post,Awareness,2023-05-30,2023-06-20,38912.54
604,293,779,Digitized transitional interface,Brand Ambassador,Engagement,2023-03-18,2023-04-06,65169.09
605,293,778,Configurable background approach,Giveaway,Conversions,2023-11-17,2023-12-09,24624.64
606,294,,De-engineered methodical data-warehouse,Giveaway,Engagement,2023-11-27,2024-02-10,32725.92
607,295,,Compatible holistic service-desk,Brand Ambassador,Awareness,2023-12-13,2024-02-29,7273.55
608,295,,Open-architected optimizing open architecture,Product Review,Lead Generation,2024-02-13,2024-04-11,53141.58
609,296,,Vision-oriented hybrid firmware,Product Review,Lead Generation,2024-02-08,2024-04-22,37446.44
610,297,787,Proactive scalable interface,Product Review,Awareness,2024-03-29,2024-04-20,8936.87
611,297,788,Team-oriented mobile superstructure,Sponsored Post,Awareness,2023-12-08,2024-01-13,17311.86
612,297,787,Diverse client-server middleware,Product Review,Engagement,2023-11-20,2023-12-18,87624.32
613,298,792,Pre-emptive transitional knowledgebase,Product Review,Lead Generation,2023-04-09,2023-04-25,93240.43
614,298,792,Triple-buffered multimedia moderator,Product Review,Reach,2023-04-11,2023-06-24,74033.22
615,298,792,Team-oriented didactic knowledgebase,Giveaway,Awareness,2023-04-02,2023-04-18,3181.63
616,299,,Automated value-added complexity,Product Review,Lead Generation,2024-01-03,2024-03-23,34936.46
617,300,,Multi-layered bottom-line portal,Affiliate,Lead Generation,2024-03-10,2024-05-04,84348.88
618,300,,Customizable bottom-line hub,Brand Ambassador,Lead Generation,2023-11-14,2024-01-23,14063.47
619,300,795,Implemented 6thgeneration model,Brand Ambassador,Engagement,2024-03-20,2024-05-12,48940.07
620,301,796,Decentralized holistic function,Brand Ambassador,Conversions,2023-04-30,2023-05-20,46136.73
621,301,,Innovative explicit matrix,Giveaway,Lead Generation,2023-10-18,2023-11-22,29239.41
622,302,798,Digitized client-server toolset,Giveaway,Awareness,2023-01-22,2023-02-24,5073.99
623,303,801,Operative actuating function,Product Review,Conversions,2024-04-02,2024-06-28,37597.54
624,303,800,Extended contextually-based support,Brand Ambassador,Conversions,2023-08-09,2023-09-18,15646.48
625,304,803,Adaptive bottom-line neural-net,Affiliate,Conversions,2024-01-15,2024-04-07,13027.51
626,304,,Cloned 6thgeneration instruction set,Product Review,Engagement,2023-09-28,2023-10-15,94831.12
627,305,804,Re-engineered fault-tolerant open system,Affiliate,Lead Generation,2024-01-09,2024-02-11,33796.78
628,305,805,Mandatory zero tolerance implementation,Brand Ambassador,Lead Generation,2023-12-18,2024-02-07,67021.89
629,306,,Up-sized real-time capacity,Sponsored Post,Reach,2024-01-05,2024-03-15,90117.27
630,306,806,Profit-focused scalable knowledgebase,Brand Ambassador,Awareness,2023-04-18,2023-05-19,40761.36
631,306,,Synchronized local collaboration,Brand Ambassador,Awareness,2023-12-16,2024-01-27,33310.28
632,307,,Cross-group regional secured line,Affiliate,Engagement,2023-09-10,2023-10-18,78347.05
633,307,808,Open-source human-resource emulation,Sponsored Post,Awareness,2024-04-29,2024-06-17,54302.82
634,307,807,Mandatory needs-based analyzer,Affiliate,Reach,2023-11-04,2024-01-14,20250.55
635,308,811,User-centric even-keeled project,Brand Ambassador,Reach,2023-12-11,2024-02-28,15646.65
636,308,812,Down-sized tertiary algorithm,Product Review,Conversions,2023-03-10,2023-05-17,2206.89
637,309,815,Self-enabling zero administration strategy,Product Review,Lead Generation,2024-03-20,2024-05-17,9672.26
638,309,816,Realigned secondary capability,Product Review,Conversions,2023-08-28,2023-11-06,17215.24
639,310,820,Realigned attitude-oriented core,Giveaway,Lead Generation,2024-05-15,2024-07-22,60195.63
640,310,818,Quality-focused object-oriented system engine,Brand Ambassador,Reach,2024-04-25,2024-05-27,98849.86
641,310,819,Re-contextualized multi-state core,Sponsored Post,Lead Generation,2023-02-11,2023-05-03,75855.29
642,311,824,Profit-focused 3rdgeneration capability,Brand Ambassador,Reach,2024-01-05,2024-01-19,18314.41
643,312,826,Public-key contextually-based adapter,Giveaway,Engagement,2024-05-26,2024-08-20,83396.09
644,312,,Expanded dynamic strategy,Sponsored Post,Conversions,2023-08-02,2023-09-22,83623.93
645,313,,Organic attitude-oriented workforce,Product Review,Engagement,2024-03-26,2024-06-11,3657.16
646,313,829,Robust fresh-thinking initiative,Brand Ambassador,Conversions,2024-02-19,2024-03-04,95646.63
647,314,832,Balanced mobile adapter,Brand Ambassador,Reach,2024-04-02,2024-06-15,18757.86
648,314,832,Optional contextually-based instruction set,Sponsored Post,Conversions,2023-09-22,2023-11-06,49811.97
649,314,834,Progressive foreground implementation,Affiliate,Reach,2023-01-19,2023-02-10,56991.88
650,315,835,Cross-group bifurcated attitude,Brand Ambassador,Lead Generation,2023-07-19,2023-10-01,73562.77
651,315,,Down-sized executive circuit,Giveaway,Lead Generation,2024-02-25,2024-03-12,6792.53
652,316,836,Function-based zero administration array,Brand Ambassador,Engagement,2023-05-22,2023-08-03,6235.94
653,316,,Integrated incremental service-desk,Brand Ambassador,Awareness,2023-04-30,2023-06-29,29695.76
654,317,,Centralized reciprocal Graphic Interface,Giveaway,Engagement,2023-05-12,2023-06-04,76704.25
655,317,837,Assimilated transitional approach,Affiliate,Conversions,2023-05-21,2023-08-19,87371.87
656,317,838,Networked bandwidth-monitored functionalities,Brand Ambassador,Awareness,2023-08-20,2023-10-11,53907.61
657,318,839,Open-source fresh-thinking firmware,Giveaway,Lead Generation,2023-04-21,2023-05-23,28860.36
658,318,840,Decentralized actuating customer loyalty,Brand Ambassador,Engagement,2023-10-19,2024-01-03,11139.37
659,319,842,Versatile radical parallelism,Giveaway,Lead Generation,2023-07-06,2023-09-22,61729.41
660,320,844,Proactive multimedia system engine,Product Review,Reach,2023-07-03,2023-09-23,91687.08
661,320,844,Networked bifurcated flexibility,Sponsored Post,Reach,2024-01-27,2024-02-24,35472.78
662,320,844,Intuitive maximized neural-net,Product Review,Lead Generation,2023-02-17,2023-04-18,52788.99
663,321,,Cloned mission-critical algorithm,Brand Ambassador,Awareness,2023-11-13,2023-12-19,74701.56
664,321,845,Sharable discrete adapter,Giveaway,Engagement,2023-11-13,2023-12-12,69116.67
665,322,847,Reactive optimizing service-desk,Giveaway,Awareness,2023-07-29,2023-08-28,43055.70
666,322,847,Fully-configurable well-modulated open architecture,Sponsored Post,Reach,2023-03-20,2023-04-17,75976.07
667,323,849,De-engineered exuding open system,Sponsored Post,Lead Generation,2024-05-21,2024-06-29,59724.44
668,324,,Organized attitude-oriented productivity,Sponsored Post,Awareness,2023-11-12,2023-12-11,30862.93
669,324,851,Expanded zero tolerance circuit,Sponsored Post,Lead Generation,2024-01-24,2024-02-08,21334.72
670,325,,Quality-focused composite toolset,Brand Ambassador,Awareness,2023-10-17,2023-11-23,9987.15
671,326,,Public-key interactive open architecture,Brand Ambassador,Engagement,2023-07-10,2023-08-28,85658.67
672,326,854,Balanced 24hour Local Area Network,Sponsored Post,Lead Generation,2023-12-17,2024-01-30,76561.16
673,326,854,Implemented solution-oriented concept,Giveaway,Conversions,2024-04-27,2024-07-17,18005.57
674,327,855,Centralized mission-critical flexibility,Giveaway,Lead Generation,2023-01-01,2023-01-15,85278.38
675,327,857,Function-based systemic implementation,Affiliate,Engagement,2024-04-09,2024-06-22,44526.92
676,327,856,Self-enabling didactic paradigm,Brand Ambassador,Reach,2023-09-30,2023-10-27,42985.09
677,328,862,Horizontal 6thgeneration complexity,Sponsored Post,Conversions,2024-02-01,2024-03-15,13237.92
678,328,,Re-contextualized asymmetric framework,Giveaway,Reach,2024-02-19,2024-03-18,76465.09
679,328,,Object-based tangible capability,Sponsored Post,Awareness,2023-03-11,2023-04-30,33483.43
680,329,865,Up-sized next generation focus group,Product Review,Lead Generation,2023-04-19,2023-06-21,73881.27
681,330,868,Expanded reciprocal middleware,Affiliate,Reach,2023-12-02,2024-02-10,29768.34
682,330,868,Synergized global productivity,Sponsored Post,Reach,2023-09-05,2023-11-12,93969.12
683,330,868,Versatile tertiary knowledge user,Sponsored Post,Reach,2023-07-23,2023-09-22,67537.45
684,331,870,Fully-configurable stable Graphic Interface,Sponsored Post,Engagement,2023-08-01,2023-10-10,40086.33
685,331,870,Expanded logistical policy,Giveaway,Awareness,2023-09-23,2023-12-21,37007.29
686,332,871,Ameliorated system-worthy challenge,Affiliate,Reach,2023-09-13,2023-11-09,13153.45
687,333,875,Adaptive real-time leverage,Affiliate,Lead Generation,2024-05-17,2024-08-02,28024.31
688,333,875,Advanced systematic conglomeration,Product Review,Lead Generation,2023-01-04,2023-03-10,95063.74
689,334,878,Realigned tangible strategy,Giveaway,Reach,2023-11-17,2024-02-04,11695.63
690,334,,Virtual hybrid monitoring,Product Review,Engagement,2024-01-15,2024-03-01,63208.73
691,335,879,Streamlined solution-oriented archive,Sponsored Post,Awareness,2023-03-05,2023-03-22,50315.36
692,336,,Assimilated static intranet,Affiliate,Conversions,2024-02-23,2024-03-30,16120.93
693,337,884,Multi-channeled homogeneous policy,Affiliate,Reach,2023-04-06,2023-05-02,79480.41
694,337,885,Networked context-sensitive throughput,Product Review,Reach,2023-10-06,2023-11-14,50974.68
695,337,885,Decentralized maximized hub,Affiliate,Lead Generation,2023-01-07,2023-03-31,2749.37
696,338,886,Organic 24/7 definition,Product Review,Reach,2023-05-30,2023-08-07,32141.36
697,339,890,Virtual even-keeled software,Sponsored Post,Awareness,2023-01-16,2023-03-27,18510.05
698,339,,Ergonomic background pricing structure,Giveaway,Reach,2023-10-05,2023-11-26,43637.43
699,340,894,Innovative transitional definition,Sponsored Post,Lead Generation,2024-04-30,2024-07-02,67827.43
700,340,,Proactive high-level alliance,Affiliate,Reach,2023-07-01,2023-09-23,48115.19
701,341,895,Proactive tertiary strategy,Product Review,Conversions,2023-08-07,2023-10-24,49974.42
702,342,897,Expanded 24hour customer loyalty,Brand Ambassador,Awareness,2024-04-15,2024-06-13,3786.55
703,342,896,Object-based bifurcated focus group,Brand Ambassador,Conversions,2024-05-10,2024-05-29,81145.79
704,343,,Profit-focused modular concept,Brand Ambassador,Reach,2024-03-18,2024-04-04,10637.65
705,343,899,Ergonomic stable support,Product Review,Conversions,2024-03-04,2024-05-01,6588.48
706,343,898,Synergistic systemic portal,Giveaway,Conversions,2024-03-15,2024-04-29,59660.64
707,344,902,Enhanced asymmetric parallelism,Sponsored Post,Conversions,2024-03-14,2024-04-05,17808.14
708,344,902,User-friendly asymmetric capacity,Sponsored Post,Reach,2023-04-10,2023-07-01,66119.01
709,344,,Re-contextualized discrete model,Brand Ambassador,Awareness,2023-07-21,2023-09-27,69899.89
710,345,904,Ergonomic systematic adapter,Product Review,Lead Generation,2023-08-02,2023-08-18,39639.78
711,345,903,Seamless eco-centric software,Product Review,Awareness,2024-02-18,2024-05-15,69395.53
712,345,904,Persevering 24hour interface,Product Review,Lead Generation,2024-03-11,2024-04-20,81334.26
713,346,905,Synergistic solution-oriented application,Affiliate,Conversions,2024-05-12,2024-07-08,36970.10
714,346,905,Optional incremental focus group,Product Review,Awareness,2023-09-08,2023-11-16,84197.67
715,346,905,Synergized multi-state Local Area Network,Brand Ambassador,Conversions,2023-04-05,2023-06-26,5705.60
716,347,906,Multi-lateral multi-state task-force,Affiliate,Awareness,2024-01-20,2024-03-25,72052.98
717,347,906,Up-sized directional application,Affiliate,Conversions,2023-02-03,2023-05-02,28063.13
718,347,,Operative national knowledge user,Product Review,Engagement,2023-08-04,2023-10-29,35384.33
719,348,,Adaptive hybrid core,Brand Ambassador,Reach,2023-09-03,2023-10-25,66682.21
720,349,,Configurable object-oriented workforce,Product Review,Conversions,2023-09-17,2023-10-26,62871.42
721,349,910,User-centric directional solution,Sponsored Post,Lead Generation,2023-01-20,2023-04-02,86408.27
722,350,913,Compatible dynamic customer loyalty,Product Review,Conversions,2023-11-26,2024-02-11,93779.13
723,350,,Managed fault-tolerant architecture,Affiliate,Awareness,2023-05-08,2023-07-29,52704.69
724,350,,Self-enabling bandwidth-monitored algorithm,Giveaway,Engagement,2024-05-01,2024-06-30,15896.79
725,351,918,Optional 4thgeneration parallelism,Product Review,Conversions,2024-01-08,2024-02-29,86158.41
726,351,916,Managed eco-centric encryption,Product Review,Conversions,2024-05-01,2024-05-23,82547.36
727,351,917,Phased disintermediate Graphical User Interface,Affiliate,Engagement,2023-03-25,2023-04-28,41180.73
728,352,919,Managed multi-state utilization,Sponsored Post,Engagement,2023-02-12,2023-03-17,79907.43
729,353,923,Compatible zero-defect policy,Affiliate,Reach,2023-07-03,2023-09-14,42779.89
730,353,921,Organic well-modulated attitude,Giveaway,Conversions,2024-04-26,2024-05-14,14506.63
731,354,925,Organized optimal capability,Sponsored Post,Reach,2024-04-30,2024-06-18,78441.14
732,354,924,Centralized 5thgeneration implementation,Brand Ambassador,Lead Generation,2023-03-08,2023-03-29,30499.94
733,355,929,Team-oriented asymmetric toolset,Sponsored Post,Reach,2023-09-01,2023-11-06,94373.05
734,356,932,Centralized leadingedge approach,Sponsored Post,Lead Generation,2023-04-10,2023-05-11,73713.56
735,356,933,Seamless responsive Internet solution,Product Review,Awareness,2023-08-23,2023-09-21,24569.61
736,356,933,Customer-focused systematic approach,Brand Ambassador,Lead Generation,2023-02-21,2023-03-22,73986.40
737,357,937,Business-focused explicit implementation,Giveaway,Engagement,2024-03-10,2024-04-23,11574.59
738,357,936,Cross-platform regional system engine,Product Review,Reach,2023-11-08,2023-12-19,26176.29
739,357,934,Focused radical toolset,Product Review,Lead Generation,2023-11-16,2024-02-13,38095.79
740,358,,Secured 24/7 knowledgebase,Product Review,Reach,2024-05-27,2024-07-20,68591.11
741,359,,Persistent interactive process improvement,Product Review,Conversions,2023-10-26,2023-11-27,82315.17
742,359,942,Cross-platform global projection,Sponsored Post,Engagement,2024-04-25,2024-05-11,26045.31
743,360,,Persevering multi-state groupware,Sponsored Post,Lead Generation,2023-01-21,2023-03-15,86828.34
744,360,,Ergonomic bi-directional benchmark,Sponsored Post,Reach,2024-04-01,2024-06-10,92823.23
745,361,944,Right-sized transitional architecture,Giveaway,Conversions,2023-01-10,2023-03-03,21828.26
746,361,947,Ergonomic object-oriented capacity,Brand Ambassador,Reach,2024-04-05,2024-05-09,79142.42
747,362,,Profound eco-centric help-desk,Product Review,Reach,2024-05-10,2024-06-03,92723.22
748,362,,Polarized uniform process improvement,Sponsored Post,Engagement,2023-11-24,2024-01-19,70149.74
749,363,953,Enterprise-wide dynamic challenge,Product Review,Lead Generation,2023-12-12,2024-01-03,73193.93
750,363,953,Centralized clear-thinking function,Product Review,Awareness,2023-02-04,2023-04-29,76435.57
751,363,,Optional multimedia projection,Giveaway,Awareness,2024-03-30,2024-05-06,40665.52
752,364,,Integrated optimal moratorium,Affiliate,Awareness,2023-10-05,2023-11-27,11971.99
753,364,954,Digitized methodical function,Affiliate,Reach,2023-04-24,2023-06-08,79471.59
754,364,,Mandatory explicit hub,Product Review,Engagement,2024-04-13,2024-06-06,26807.31
755,365,,Programmable optimizing protocol,Brand Ambassador,Engagement,2023-01-07,2023-04-06,9355.50
756,365,955,Centralized disintermediate middleware,Product Review,Reach,2023-04-23,2023-06-23,94530.96
757,365,955,Business-focused interactive hardware,Sponsored Post,Awareness,2024-03-10,2024-06-05,92388.12
758,366,956,Exclusive scalable customer loyalty,Product Review,Engagement,2023-06-01,2023-07-14,26916.53
759,366,956,Mandatory content-based secured line,Product Review,Lead Generation,2023-02-23,2023-03-30,43461.43
760,366,956,Team-oriented system-worthy Local Area Network,Sponsored Post,Conversions,2024-01-05,2024-02-21,17842.17
761,367,958,Team-oriented full-range paradigm,Affiliate,Reach,2024-04-10,2024-05-09,77562.57
762,367,,Managed reciprocal framework,Sponsored Post,Engagement,2024-03-15,2024-05-26,71642.81
763,367,,Managed cohesive benchmark,Brand Ambassador,Reach,2023-11-22,2023-12-30,38825.28
764,368,960,Balanced modular definition,Brand Ambassador,Engagement,2023-12-19,2024-01-28,42414.77
765,368,960,Sharable directional solution,Sponsored Post,Conversions,2023-01-03,2023-03-10,97636.69
766,369,962,Persistent regional data-warehouse,Brand Ambassador,Lead Generation,2023-06-28,2023-09-07,68742.44
767,370,963,Polarized user-facing throughput,Product Review,Engagement,2023-07-05,2023-07-29,87272.90
768,370,,User-centric homogeneous database,Giveaway,Reach,2023-09-15,2023-11-18,71136.86
769,371,967,Enterprise-wide 24hour hierarchy,Sponsored Post,Awareness,2023-11-07,2024-02-05,56143.00
770,371,967,Compatible heuristic algorithm,Giveaway,Reach,2023-01-08,2023-01-28,90914.43
771,371,965,Customizable client-server frame,Sponsored Post,Conversions,2024-03-06,2024-06-04,50949.66
772,372,972,Ergonomic responsive paradigm,Brand Ambassador,Engagement,2023-12-09,2024-01-30,96837.72
773,372,969,Balanced 4thgeneration customer loyalty,Affiliate,Engagement,2023-10-07,2023-12-31,26768.87
774,373,975,Horizontal context-sensitive definition,Product Review,Engagement,2023-06-03,2023-08-19,9875.15
775,373,,Up-sized context-sensitive Graphical User Interface,Giveaway,Conversions,2023-07-23,2023-10-12,12567.36
776,373,974,Fully-configurable context-sensitive customer loyalty,Product Review,Conversions,2024-03-06,2024-03-25,75034.51
777,374,977,Enhanced empowering attitude,Affiliate,Conversions,2023-01-17,2023-03-08,52180.30
778,374,976,Synergistic client-driven implementation,Brand Ambassador,Reach,2023-01-17,2023-03-27,76603.87
779,375,981,Customizable global database,Sponsored Post,Engagement,2024-05-23,2024-08-16,15713.46
780,376,982,Persevering disintermediate hub,Product Review,Conversions,2023-08-25,2023-10-01,17191.94
781,377,986,Switchable composite moderator,Product Review,Awareness,2023-10-17,2023-12-25,44710.45
782,377,,Optional transitional architecture,Product Review,Reach,2024-04-29,2024-07-23,12136.60
783,378,987,Digitized clear-thinking utilization,Brand Ambassador,Awareness,2023-04-03,2023-05-05,21169.64
784,378,988,Ergonomic national implementation,Giveaway,Lead Generation,2023-05-28,2023-07-17,82434.60
785,378,,Intuitive radical interface,Giveaway,Lead Generation,2023-10-18,2024-01-12,99802.45
786,379,992,Fully-configurable 6thgeneration task-force,Product Review,Awareness,2024-05-09,2024-07-29,25369.59
787,380,996,Reverse-engineered content-based monitoring,Sponsored Post,Conversions,2024-04-23,2024-05-19,68449.92
788,380,997,Distributed fresh-thinking encryption,Brand Ambassador,Lead Generation,2023-08-17,2023-09-15,92985.70
789,381,999,Self-enabling even-keeled capacity,Sponsored Post,Awareness,2023-02-11,2023-04-07,46563.08
790,382,,Reduced mobile database,Brand Ambassador,Lead Generation,2024-01-30,2024-04-14,66142.62
791,382,1001,Phased stable pricing structure,Affiliate,Reach,2023-03-05,2023-04-30,33166.63
792,382,1002,Down-sized multimedia info-mediaries,Giveaway,Awareness,2023-02-20,2023-05-17,80354.24
793,383,1004,Versatile multimedia hub,Sponsored Post,Lead Generation,2024-05-16,2024-07-10,95238.12
794,383,1004,Programmable maximized conglomeration,Product Review,Conversions,2024-01-23,2024-03-25,18623.07
795,384,1005,Universal holistic moderator,Giveaway,Engagement,2023-09-07,2023-10-02,39461.79
796,384,1006,Universal modular leverage,Giveaway,Awareness,2024-01-11,2024-03-16,30556.12
797,385,1008,Reduced impactful productivity,Brand Ambassador,Awareness,2023-07-28,2023-09-19,83373.23
798,385,1008,Streamlined 5thgeneration database,Product Review,Reach,2024-03-29,2024-06-16,88655.89
799,386,,Exclusive local encoding,Affiliate,Reach,2023-06-20,2023-08-07,9932.01
800,386,1012,Extended fault-tolerant interface,Affiliate,Engagement,2023-11-04,2024-01-11,43976.49
801,387,1014,Re-engineered cohesive hub,Affiliate,Conversions,2023-10-20,2023-11-14,97353.91
802,387,1015,Reactive attitude-oriented challenge,Product Review,Lead Generation,2023-07-17,2023-08-28,63326.40
803,388,1020,Implemented leadingedge model,Product Review,Reach,2023-03-07,2023-03-31,8839.13
804,388,1020,Focused optimal analyzer,Giveaway,Engagement,2023-10-01,2023-12-15,68747.08
805,388,1019,Profound regional Graphical User Interface,Affiliate,Reach,2023-12-28,2024-02-18,30252.68
806,389,1021,Organized maximized Internet solution,Sponsored Post,Lead Generation,2023-11-27,2024-02-19,11655.58
807,390,1025,Multi-layered modular functionalities,Product Review,Lead Generation,2023-11-14,2024-01-19,81469.65
808,390,,Multi-tiered 4thgeneration conglomeration,Affiliate,Awareness,2023-08-01,2023-09-29,77096.03
809,391,1029,Focused empowering project,Giveaway,Engagement,2023-12-10,2024-01-07,84448.07
810,392,,Multi-channeled attitude-oriented frame,Brand Ambassador,Conversions,2023-02-28,2023-03-24,59133.63
811,393,1033,Profound needs-based project,Brand Ambassador,Engagement,2024-01-25,2024-04-05,21895.77
812,393,1033,Grass-roots discrete attitude,Sponsored Post,Reach,2023-03-02,2023-03-26,53903.22
813,394,1034,Compatible high-level alliance,Sponsored Post,Engagement,2023-04-03,2023-06-06,65924.30
